SST,WindSpeed,Pressure,Humidity,target
27.49816047538945,17.405317153544786,964.3938126054749,90.18108982626694,0
29.802857225639663,31.676037895134325,963.58383394896,93.90044191574117,1
28.92797576724562,44.91783343505633,999.844001928657,77.51403696377497,1
28.394633936788146,39.28899545638245,963.7250409917228,88.74622298820996,0
26.624074561769746,42.26244591445799,964.9572349370748,87.15237949431246,0
26.62397808134481,36.35133466842869,991.766904432988,94.98491130364813,0
26.2323344486728,37.6910625807141,974.7356913347797,97.18261181443782,0
29.464704583099742,43.96782606261277,992.719080632535,70.36470314432161,0
28.404460046972837,19.98672035436744,953.5951386660412,90.22059757176378,0
28.83229031118418,29.57699854572562,976.8164156520361,71.55507397359187,0
26.082337977183208,18.84837767278409,951.8487480100805,86.46575995232068,0
29.87963940864798,49.50672031986588,953.4459261900445,78.62898187131034,0
29.329770563201688,47.76237358746453,999.8540599339426,79.20329798566424,0
26.849356442713106,11.577072454740236,957.6584954114677,80.58875510357069,0
26.727299868828403,38.22300690062754,979.2831375251369,88.6387734714883,0
26.733618039413734,47.009932696626635,972.6102581430389,80.02149897006308,0
27.21696897183815,17.22301380509334,969.1038829442364,91.98097151770841,1
28.09902572652895,32.717809222105174,999.4908340128,82.13582156721608,1
27.727780074568464,46.619531903521676,951.200286822652,72.05059600929876,0
27.164916560792168,11.357839143431953,986.5084327396575,93.51279527452321,0
28.44741157888952,37.8968106898736,1002.9866938817453,78.57274973778118,0
26.557975442608168,21.89396029490203,980.8092500904013,82.98300638797788,0
27.16857859414087,46.975847815061215,1001.5252354118201,90.56331649665705,0
27.46544737317477,48.842329806614714,952.8741833607313,79.97368471446136,1
27.824279936868145,47.770659564537354,973.0336325490789,71.69756968440147,0
29.140703845572055,28.96856866629855,964.3086785029128,81.21763141038441,1
26.79869512863344,44.481706039572536,990.1951530739401,98.33345748082911,0
28.056937753654445,43.78197594140281,1003.9713399773485,89.25203191895675,0
28.36965827544817,22.764018929730227,964.1091534344337,90.14437446001621,1
26.18580165087999,43.1566189660271,985.9796030810741,88.9684646091292,0
28.430179407605753,11.480305388619705,960.8953698017857,75.9697641687831,0
26.682096494749167,33.85079513928212,981.0931640014386,82.5500159230684,0
26.260206371941116,19.20035349150812,975.5162867678584,92.52819395089955,0
29.795542149013333,14.822675431091152,1003.4602931297345,73.04118692659478,1
29.862528132298237,13.078128065168366,983.4689999983057,78.33558328269137,0
29.233589392465845,37.85155103512559,969.222850464775,78.2895732539756,1
27.218455076693484,23.594998550722647,956.2752681688363,82.96056782783518,1
26.390688456025536,38.99067086115046,958.3185755804215,99.41106222826555,1
28.736932106048627,12.614253631957695,962.3924311473179,72.02507640051466,0
27.760609974958406,22.611613513224412,963.8031663737164,85.56102983141786,0
26.488152939379116,31.57965169501349,996.7838831812626,75.38094046036632,1
27.980707640445083,41.628926593558546,980.8672533555389,99.12029636229232,0
26.137554084460874,22.7501001172828,978.7865001255901,73.39910514182392,0
29.637281608315128,35.03565505748036,956.312287952807,82.10803007084773,0
27.035119926400068,45.43910992944748,997.3076831342189,92.13654954503818,0
28.65008913741593,34.63452752729218,989.7547866764667,91.13663284082335,0
27.246844304357644,19.31837899014535,953.7217599045001,82.68185910681797,0
28.080272084711243,10.976031262261522,988.9309303476373,80.39572503858155,0
28.18684111737312,44.803954956037195,979.8946019538455,81.92837135658611,1
26.73941782210211,10.850776434015486,954.4948940160727,77.92828789475918,0
29.878338511058235,44.98806690736798,975.2065352840762,76.159988161204,1
29.100531293444458,31.15748536108848,976.6582957921526,84.4911909267667,0
29.757995766256755,47.56270794051585,959.1175997089802,78.05601268202822,1
29.579309401710596,41.951329430946615,1002.0133980850155,78.6238499469175,0
28.391599915244342,49.9173644213335,996.7486454314364,89.70268190423671,1
29.687496940092466,24.028472618068406,986.796228553101,99.05611995099676,0
26.35397000820768,40.68753155724508,975.4262558550334,88.10911601678126,1
26.78393144967658,26.077236544369686,972.647104787148,72.30938401194899,0
26.18090915564215,29.195024812156355,985.8035406933025,72.267508415622,1
27.301321323053056,35.1002185287348,979.9987528173798,98.54269662536697,1
27.554709158757927,44.94708456745355,953.4250208235037,78.91872370922,0
27.085396127095585,49.363338767971804,978.1876456823683,72.76200958247426,0
29.31495003660772,40.73093655458073,994.3521989478062,87.97133761451144,1
27.427013306774356,26.71067128669335,975.2581932678327,88.70946334870798,0
27.123738038749522,26.854280091082806,952.8576117654848,89.45514460356064,1
28.170784332632994,39.50329206355566,993.2453009661218,78.02206083572624,0
26.56369689989905,19.55108583073209,961.0750080174786,70.45332052643425,0
29.20878792301616,14.418964525255786,964.2241459188422,98.95046108363415,1
26.298202574719085,24.18488630563106,959.0588494387763,77.52679137073308,0
29.94754774640207,21.48955966616327,968.1618285679324,90.28078864157642,1
29.08897907718663,21.8523248182396,991.6213328128749,91.1988960963613,0
26.79486272613669,19.344310041996398,978.5662222727166,88.30022251238458,0
26.02208846849441,11.683727585454475,961.2684700782892,79.38722182640944,0
29.261845713819337,10.714957389336552,998.2806542983623,78.13288761292198,0
28.82742937539047,49.50889558944126,998.3770020223341,87.93004848108109,0
28.91602867216395,27.110925349434496,997.8818133775304,95.98286900835075,0
29.085081386743784,25.373065886387266,963.1337916259847,98.40201186770187,0
26.296178606936362,37.1858913077228,974.8181639299544,73.17717413211273,0
27.43386291417709,18.730155514602565,1004.1744310877482,74.6448583779316,1
26.46347623810052,47.99844735800902,992.4606861970494,98.34208776349239,0
29.452413703502373,41.453800576622086,951.4942081674058,92.09605685004378,0
28.493192507310233,13.57644009249038,953.5862525193271,96.4898147448932,0
27.323592099410597,26.703231031397134,975.5162257246783,76.07897902406029,0
26.254233401144095,45.164732302486584,1000.0071113223858,87.62757613328205,1
27.24392928686265,47.78928089165641,979.6285988873993,91.03418783252421,0
27.30073328810699,28.69606044999479,977.379687941886,90.40335656340918,0
28.918424713352255,34.53645556842831,955.8010534976147,82.24455072600094,0
28.55022988542085,16.68135784368301,986.1229057598362,70.46184675073926,0
29.548850970305306,49.646745045479065,995.2156738330124,87.4877817041279,1
27.888859700647796,19.266868055337735,970.9231004129159,77.59304617538827,0
26.478376983753208,47.709270965405025,992.658651800893,83.5076273842867,1
28.85297914889198,35.985865959694735,1003.0462159645447,98.72743045251451,0
29.04314019446759,34.309471795154366,961.2071552520229,81.97105952927305,0
28.245108790277985,30.507540440660343,978.7831297157107,95.19404819993281,1
29.083868719818245,19.226792468710347,965.7925876946516,75.65621817247754,0
27.975182385457565,17.06112128022033,993.6069930468611,90.17381494075087,0
28.090931317527975,18.819448362807016,981.7676351234636,99.3102086331683,0
27.7101640734342,17.45753048577018,984.9020329652667,73.0567930261881,0
26.101676506976382,41.18337894267013,993.8852787788742,70.24959826681577,0
26.431565707973217,24.005010366669204,971.778375996435,83.00748377897843,0
26.12571674274694,12.313707062535855,1000.3299537623874,72.77876449154101,0
28.54564164505512,48.764105205632454,979.3165876985377,92.45153049028694,0
27.257423924305307,45.35143539853703,958.6875152559442,97.43645991545677,0
28.034282764658812,47.11009132780852,988.2744514992842,83.02062918126276,0
29.630265895704373,49.79631290585741,993.629374274104,77.76134926466322,0
26.9971689165955,16.95580996877949,967.421892238714,83.0320995701983,0
27.641531692142518,25.849680756106352,997.1448591349314,91.70343453550004,1
29.022204554172195,40.32953902816365,999.8378790121171,70.27162484741113,0
26.91519266196649,37.84082472215169,965.2297468057795,87.68361968454091,1
26.307919639315173,16.155836253594202,1004.0936809993373,88.39875054662137,0
27.15900581165507,42.63332499962471,957.7391340426817,89.13064740687807,0
26.64488514901602,18.977622873466427,961.1108617621369,77.26066239942631,0
29.71879060937029,18.952704592904922,960.1323661580915,91.4215817013438,0
29.232481518257668,31.478976915736542,999.1694340504329,72.7417445899533,0
28.533615026041694,33.71759739366813,985.9860903778729,75.97811009400402,0
29.485842360750873,33.203448313512446,958.365735577225,96.32410139963446,0
29.214688307596457,13.659473495910195,974.2177880102591,92.16169452179699,1
26.746280235544145,45.09843450521522,983.8413913788391,70.41236662034036,0
29.570235993959912,20.62400170354824,954.5905246744161,77.451287811094,0
28.157368967662602,15.180596851312167,998.5329002624036,76.43219448979494,1
29.22976062065625,45.54992319475909,994.1981944492844,78.12418984110917,0
29.584365199693973,48.226059929190136,977.7863725467151,77.4267931083966,0
27.272013899887455,44.48510469061802,1003.1919638392544,71.87578887228537,0
26.440207698110708,42.38064298899512,972.9768538601305,83.7682154979046,1
26.911740650167765,36.20967922556087,1004.1260675470073,91.98200424358495,1
27.708431154505025,32.034294824365574,986.7355999341995,88.20195174152309,0
29.272059063689973,13.479470396456406,984.9069200289667,90.1861500579424,0
29.442922333025372,26.338128522827947,959.1275192412681,72.43447535608718,1
26.02780852212476,24.90754068049256,998.5060267067554,98.54472130530363,0
28.042989210310264,20.39015135041305,973.5119328356338,95.15475501529075,0
27.669644012595114,38.936804547543396,958.9228373180364,94.15270955486989,0
26.88843124188292,29.835029403150834,950.6934135986668,94.68951415125302,0
26.47946146933473,13.241848636305917,980.786562600111,97.98131524398283,0
27.35046068561451,18.80732807799245,979.0069792167471,86.32761898341093,0
29.77163881565008,37.33035054638384,989.5644492303037,76.00846053602878,0
27.29281172808302,13.045234379612008,998.9641929159791,88.50350823557623,0
28.075162486973465,44.04827656195075,954.3673621553667,92.28644481003818,1
28.81207583558071,29.805861080558973,990.23230696872,92.13752180062076,0
27.454518409517178,29.22346309306592,960.307656925367,85.64347072500641,0
29.887128330883844,33.6963113863807,997.199737923644,72.05376158000735,0
29.849789179768443,42.987238637005966,995.048493262391,81.13338815290383,0
27.00712918330146,23.912368316087722,979.743656524205,97.62299825390072,0
27.988994023569543,37.12064610236254,989.0633539242822,87.53346729272278,0
27.203513239267078,32.62927855983165,967.2892562251062,86.1499582976714,1
27.13936197750987,20.681130806776853,975.9142344413048,78.0656054314658,1
26.14754778941813,45.14519945420632,995.190029374076,81.05346759749736,0
28.438257335919587,41.89704086427712,975.2595858445268,96.86038267459509,0
28.010716092915445,36.338073386337015,969.6789045928992,89.99389142580507,0
26.20591500499996,44.023269163769676,977.1816845987665,93.62161080256999,1
27.114585856946444,44.6917680383921,995.553708884047,83.63036269202965,1
29.633063543866616,38.334519068601395,968.436442605398,88.90741658368474,0
26.95824756266789,43.48053313454688,959.5568876224659,77.45150826229623,0
26.579579488364892,37.898858466771344,989.160771118193,91.16382490850458,1
27.95781104111025,37.205630870412016,995.4288016989445,82.82804001110011,0
29.9426018164424,34.74445512860737,955.5350613187943,83.27636544444236,0
26.968221086046,40.10866558230565,963.193076201577,89.47966973730645,0
28.688542189623515,16.344204211722946,957.8084594368547,98.0884186440678,0
29.04647846131487,45.23483036795714,969.1367776370191,71.92019039825863,1
26.9505501759696,44.87374110980928,974.7693038397977,94.74229712041023,1
28.912865394447437,11.169891321382366,991.1854485329818,78.77149331236579,0
27.471132530877014,43.03267002259051,985.8131171684921,83.31758363519134,0
28.529223322374317,15.154794698937808,984.1510712113137,70.65739986325026,0
28.53411884304358,23.404754170365678,969.380622063531,79.03138233502939,0
28.143098736299034,39.74033025166431,996.2796154196618,85.07893727890391,0
26.361159080217632,16.430395841932327,975.920794206899,71.68528232042317,0
29.34120998235695,42.718680964762484,1003.8507715908335,84.73287188149496,0
27.283120259886942,43.28536711830968,984.8778176062656,97.81331886575282,0
26.746074041599417,30.298709350433448,956.9445607860476,73.16179654323416,0
26.163100566219057,10.255434868673344,987.1897659141489,92.93322184226513,0
28.363571772752966,21.48152532699651,967.8807208487434,82.29013160127978,0
28.71025744736913,34.67707673502969,987.7479958177354,89.65521143573014,0
26.066351315711426,49.24744712109694,953.8302631489323,77.80709793955688,1
28.048372233197124,35.272541080666734,959.6184790446778,74.78476787624075,0
26.90598310079175,20.39214324256639,997.0655492398182,74.81387842813679,0
28.580691161637798,35.360228123984456,962.4948756362933,72.11475836929434,1
26.697465716019966,31.599415188634218,996.0372618883617,75.5694011470373,1
28.763750952409865,41.19381580604575,965.3601848649926,89.92658154966905,0
27.54694138520215,14.279225553078337,985.3585050532289,96.45071835530524,1
29.74691995494694,40.44111610008112,988.1782815430407,94.42377056773486,0
26.550083776583975,31.650663147044412,978.1960114229779,90.55402929623452,0
27.364265404201035,48.51968015435978,966.7920872183203,73.31295590233307,0
26.453894084962357,23.674886641547445,961.6954407004102,78.67562338887849,0
29.698774473114252,35.304875725357924,951.8254145009334,79.29420625967407,0
29.509357413523922,47.2811242204007,966.7170520682398,77.49870839192863,0
27.03176651086062,14.10038911962717,985.9239534792206,85.4501697912917,0
28.639936184136715,47.48913948945805,1001.6067650146665,86.06661444639018,0
29.268888800804863,37.51542889203253,997.9162465244679,80.7065792551333,0
28.22080324639785,12.713482364206875,992.1335627094417,80.61367476209308,0
28.118602313424027,22.03854267787265,993.3646038789315,94.85666793718244,0
26.967409163601808,38.32688354581126,986.5741696911797,93.67878544959056,1
26.372411071223596,12.694024058750868,964.3157771661301,79.23387495042238,1
29.588863031813307,33.28681840705093,999.8957266888207,97.41365331619778,1
29.60167222865332,23.83532227811827,986.8902771548209,98.58445051007519,0
28.532405829093072,34.83662071069908,980.8242347039242,79.80227626090122,1
27.3561191641948,11.829681352500515,956.1044208067415,80.63274846379164,0
27.396838298450643,44.86147224609505,974.5880549093534,85.16902460265877,0
28.903822715480956,48.939558767095875,975.3197049161059,98.2336243760102,0
29.58844103981031,48.75511421142766,997.5509985237469,96.28958299426935,0
29.54834569706047,39.98607326971699,980.0656521103284,73.07703887750769,0
29.119502183430495,15.203449605225279,970.9220301933725,81.78192229814249,0
28.56812658461715,40.3305278371609,1003.7240180680863,86.60113569249316,1
26.336559859980195,10.98347665835206,956.0896326329473,85.0939741765462,0
26.646514856378456,10.88494206115989,973.240163557157,75.81589203810678,0
29.594216754108317,22.94440876598165,952.3113571344273,95.76450313504463,1
28.42571623863836,29.545727616186632,990.6947266421812,90.30822348990512,0
26.036788206466518,40.816296712311726,1000.4942103709533,95.13725124555411,0
26.40588617146413,37.33181506426021,965.4020531252769,95.76292838048417,0
28.654007076432222,27.836108255069934,997.2087922239516,92.4506756099722,0
26.020246335384876,20.945066651266636,966.0720026754044,83.17631803749151,0
26.643232205669996,49.884980006308446,1000.0923588904153,88.31640265046273,0
28.194935157466343,27.047252089438917,991.4679046978231,74.8109621835923,0
28.767580790770772,28.05548097318702,994.2698727262791,90.20936252424723,0
28.607845038010403,16.544952847666767,950.990360558025,75.37759767217842,0
26.89707723784224,41.79238194999718,1002.9545696390715,90.81848771530471,0
28.848716885390143,37.74728903125954,989.9669045638677,76.88794482261906,0
26.9489963499872,18.830784511550416,966.7613102462374,73.5265390045066,1
27.301598792637073,13.295241824633708,995.6167065672366,74.95853470428872,0
28.985965620472097,37.21997208298852,965.4836659128212,70.0597640565721,0
28.59853159618886,36.18044857124541,998.001461176137,91.56218853560591,0
29.39689364197671,20.930381079928374,956.1919214726565,91.97203147175136,0
28.630451569201373,48.03454249001641,988.7027287603438,85.44800049739779,0
28.273234413341886,16.04231567123601,979.7384162154701,74.84088403166152,0
26.37469907131237,27.293392041704077,955.3093958607492,72.5066301253207,1
27.470863212237735,47.74463680670395,963.3041605542361,70.57386899311861,1
27.060809470726902,26.78909267704489,950.6822219952523,74.97244530895662,0
26.975958573516333,35.54103790656342,975.7822381005478,96.72566604949441,1
29.89204221900978,25.90377591851177,966.5695893418,77.24610525105045,0
27.57239089866704,20.968608093946802,982.9096616363768,80.62813981651647,0
29.568186220708455,49.359105918393126,966.3480794239739,73.16036453443999,0
28.52455450398905,26.37336025260172,966.4955511328842,76.6708391424451,0
29.179245214166592,45.76396814716538,990.8756259302381,85.57673712340616,1
28.010548372420768,19.198184235643446,952.6478559788094,88.23258049286957,0
28.307615538505438,18.52418816100333,999.6592247355593,77.36056942498634,0
27.970070775275456,11.245363315380455,996.8745130915149,71.73196477675351,1
26.78097195119218,36.066673015035406,986.7292575774524,81.73098607382195,0
28.889808461046023,24.741053748950446,982.6271863559061,77.02610112779003,0
27.123089449763423,44.57432999358548,999.0766373976809,76.58661769689405,0
26.097263865725814,28.928396267662286,960.1931598740792,98.79588408140366,1
28.58188918362867,48.72773711658887,954.3433039204956,88.48901457777173,1
26.708442717628195,17.421020628124847,963.1730593450246,86.70635329516287,0
29.761834337411656,44.744926718224434,993.7018053285104,82.47325310569965,0
29.81571430801035,41.06387411166967,951.9068646699566,82.86833000290433,0
29.659457560881794,40.83687378576208,982.054375929592,86.22715011514242,1
27.48063480102178,43.79132912467551,1004.749063390522,90.89289421108322,0
26.06182646611547,40.440959637719956,997.0632851610646,91.06438288545488,0
29.713274250350903,35.048812865256615,978.6795128973974,75.15081723116349,1
27.712736593269256,15.249795107295503,953.5002500107653,85.00338256229881,0
29.866619276174678,11.301047179650077,995.7255432912141,82.35874285102307,0
29.85447990835701,46.83391391262747,982.9438179497466,96.11580898808153,0
29.41203782186944,34.66601258082952,956.3213148382762,88.94256763655129,1
27.17779556827834,41.86149163904705,955.1621506652846,85.97512199247946,0
27.540390914407702,29.260894060502004,1000.0294750690126,73.46183926536752,0
29.404546686067427,14.69232755849578,986.8060144615943,88.16913667970235,0
27.267688020625112,15.007431688102017,995.6107739624216,73.516117170407,0
26.67797098674437,37.422611489158854,998.3438395155247,80.11619726697256,0
28.2272050498334,27.212235795978508,981.4474793626578,74.28525894442996,0
29.744619096643124,18.02098906801347,978.4595493465273,90.76220941073106,1
28.784119186699893,29.663781869657477,973.6735075676545,76.18756341508458,0
28.28024468035746,12.568357483005364,967.4320623285115,81.75578119564078,0
26.388705975083074,33.27885607657595,973.9027778472291,96.87024332856336,0
28.46002890679668,20.75973617740391,992.5633810651586,76.12949150196911,0
29.960215400417052,41.90236402548753,983.1057887058322,85.23415191876337,1
26.560336060946096,22.41447835694295,999.0887809475165,82.57814983498066,0
28.073318609454947,28.20880596327205,974.3859007908553,70.54372123137189,0
29.509492287711822,10.464821596324025,983.3899268295314,93.78274340718438,0
28.963074471016817,12.897875511782356,984.7219154200594,72.071377189438,0
28.788062963981073,25.699742256267392,982.5433439268479,84.22765062930861,0
28.809936335948436,29.19755338868494,988.6448575197034,86.82034884816849,0
27.43796460487902,34.00082192477215,963.0588407606143,88.85279369843761,1
27.174367377057973,21.66650314837213,978.1800077650184,90.65894887923626,1
29.237444621914054,37.7992754450617,955.7323641544591,77.59817150568145,0
29.240453578716725,44.40489588756818,971.1481230204647,70.29936329975348,1
29.468289274320416,41.194039555733994,976.8216887741695,91.70330987064736,0
29.652962210225887,11.584753013934286,985.872334275001,86.06969798042735,0
28.045369595443752,29.220277890313156,1002.2792078922412,95.08353109621746,0
28.0060651787488,14.197207136726995,983.0358086601595,94.64165088702083,0
29.1931807158671,19.681800634501098,990.8976653897108,95.2997850336365,0
28.599855723111062,49.46650373068586,977.8446332722361,84.5528397993862,0
28.807867509030814,15.69982171606053,984.8757217256982,80.00885187510598,0
29.183170677744403,29.955526138054243,953.9012718873576,93.74674607774111,0
29.560021367270267,34.72622937272476,963.9915369463016,83.53882339087765,0
27.351980627406142,38.098598821764156,969.9019201262827,75.50326589210303,1
27.502331810559777,32.385947339476566,975.9871345253582,95.64922058684422,0
26.375927759363478,10.390833896767347,952.5106810026311,96.47679630317042,0
28.313120563984697,23.058452329759675,957.7013253654325,83.98929268420511,0
26.14376909518697,30.708465735388458,965.2247869285218,72.27099181929363,0
27.86239207252984,13.514659965793335,1003.4342979995578,81.63478269750794,1
28.170578538830306,24.025077248367232,968.2240853906678,94.1061297838781,0
27.146165008513137,11.328124351654662,976.5122581961646,97.05322085638686,0
28.363333042276043,13.14313988620083,960.7853742006116,76.10418227492788,1
26.122000999756196,25.87693104806384,983.5929039091673,72.00920836075815,0
26.149392754996857,15.308630161722414,965.4375768533786,96.32051359398517,0
29.290402242638635,32.70163393046232,961.3845918141135,81.68214816936626,0
27.440762565645052,37.578598765490625,978.4114945645289,86.2528289280269,1
26.50824205060754,42.02346796436331,950.3028189538231,99.04197436152276,0
28.088973040219216,18.006009769792403,950.4215217957073,71.99694183742669,0
29.079974212394443,16.699303290362792,962.0487845006022,89.44954022356286,0
26.863284109987372,14.18271361337601,952.0196749375451,72.22316267724601,0
28.491561903276,35.457209981745464,955.941416477188,81.26406785399502,0
26.341389859975074,38.25902905947605,968.6373357136314,94.1144363558034,0
26.20672688467443,11.263445793025681,994.1422123768897,83.00416698266903,0
28.125418526272593,47.448489849747595,981.4626753853115,99.91547061708852,1
28.162540486440427,12.078851346058897,978.1967249276029,86.77177854839806,1
28.549719605992827,31.65185341204282,966.1418852764467,79.63486457907861,0
28.904365334890645,38.36242077803666,1001.2464545688049,76.6033397771426,1
29.90340831785014,44.83876494984342,971.8358272680456,80.51561602858486,0
28.06520139320478,38.56347728529711,954.7901021737674,81.17599821278652,0
27.291825891764983,42.069123322791675,983.9386583864791,72.06141033171883,0
29.180744779074814,23.57800770171224,956.2611116412131,81.08722598280319,1
27.0833290050483,42.59300454986049,968.987272854093,83.92715559217675,1
27.755885682822544,13.204593855387007,977.9076566294794,91.68213256716413,0
26.313825525369065,45.792666242421106,998.0822388576846,89.70188454164824,1
26.10140297366183,31.90369504614945,977.1450619187066,91.26296965687463,0
29.850593658711702,42.69191079849975,988.6242321317416,70.25091045630572,1
29.343920482048823,28.092731380732005,1004.6049261449489,76.53002198741608,1
28.783896824374793,35.743107807860994,957.231901594389,89.85052865199569,0
27.63581177765708,31.056106437444527,965.1102339035735,84.51968104539242,1
26.693177280283383,39.263580870213275,971.7016841578705,70.15940427005037,0
26.625748170684343,13.265199281223584,973.2005498196357,94.13483927295468,0
27.00097159265838,12.414083359622552,972.606159139605,93.18428719871012,0
28.19690665882448,19.884129360405858,999.9186051406106,86.45257488980688,0
28.85838369080025,16.381787204527534,989.2717954456771,71.99389977328816,1
28.640789506870924,44.87134266368807,983.4347867749887,92.99545148597754,0
27.119735587783772,18.76855949432177,967.015499482453,87.51140763194093,0
29.819461122652775,49.03461023276525,995.3084711321712,93.45879931473877,1
28.951587666783073,23.475831670844272,1002.5283281316744,92.5524097718752,1
28.217416210045602,17.284716627547972,995.1659055402624,94.09006215873512,0
28.44688298493741,41.58794028569916,950.086080785531,85.54024199213875,1
27.67840024971116,36.34831102003504,985.0020753600874,74.20973554580544,0
26.99092395800463,29.92782865812556,952.8124459793155,90.13472420139067,1
27.423890714605047,32.214542037505254,964.1683971183547,88.61421355155912,0
29.031384441857476,38.768071130890554,953.2738585191274,92.26759561597262,0
26.05757395451902,19.13818965325195,983.2087499122164,75.09643018152207,0
26.464290562027664,49.853356642269674,987.7624452420933,75.84925599700868,0
26.18401056808701,48.991726485871325,956.2968200936248,96.71228551657985,0
26.16291520927588,36.01302745387748,971.1111385674739,92.49933395356213,0
29.42184233604403,17.981698037165806,975.0930079925548,97.24685466100969,0
28.814631437520095,37.209129697251655,970.2979161968505,92.76145963491763,1
27.8966953163493,12.887936359167034,956.6563750266856,87.91465917970905,0
26.391336642604006,11.226100088232243,973.0421284603111,89.62398211083621,0
27.96646350046733,20.30731554044855,991.314792629463,96.6738377182003,0
27.893887083122262,28.504918269572652,953.905421549329,87.36420263535821,0
26.69280747964006,44.73090021633522,954.4099007745046,88.97173972985162,1
27.735406596951893,39.08676279065232,969.5124210509791,74.69430148010802,1
27.594018937589492,39.70826084799924,1001.7949141390409,84.21763660348309,0
28.463400392208865,27.019733377923014,986.7714955697603,91.49191335874298,0
28.540374603470575,23.837399701878518,987.326847616991,78.12828094949096,1
26.181216039088177,24.841550519384107,969.9055994960826,76.06762541573605,0
27.498450458505886,49.505982549442315,982.6513435164696,79.41480424673247,1
28.503439662856945,11.6043676564993,950.5572151215259,77.245018839785,0
28.01254503432035,44.681259844897944,984.9852825525248,76.44737911109188,1
29.42595936475329,33.14701634289574,1000.230782116693,82.74552528604261,0
28.63477452647578,27.54461676758362,983.6915407589651,97.23515541650602,0
26.65173770832572,39.01030641660546,998.0534226406489,85.21178940216154,1
26.28227498960172,29.466757656988115,989.8185180506351,75.63761142445969,0
28.56967711282526,44.93692952326642,956.630712902203,72.30915008142622,0
26.106045242166488,46.02807456045034,999.6349319007213,90.88468435413776,0
28.343102325093852,26.868837074938217,953.6544114395676,81.48396293309163,0
29.76092096569983,21.073111889402064,979.368210990127,94.65492839756078,0
28.301896711503517,33.69401314373449,957.8175418086402,89.7853230592231,0
27.552679704826087,46.49453382466764,950.6438635901998,93.88724351624106,0
28.573152873769413,18.42648756022666,973.2118843070201,78.15838118255346,0
27.833011561966067,34.91866334253931,966.2272389209786,90.77076767383174,1
28.18246715726374,35.26240880370082,976.7300271588682,77.92185954081157,0
29.7658592351061,39.32452089661124,981.7459937704003,98.17205438350875,0
27.544410551203097,15.262707405090392,952.4056489769921,89.09122844600122,0
29.844762255295656,38.63299858728354,956.765181231806,79.73535400526026,0
29.621402567824255,46.36130082662564,980.7253318047734,78.08535586876818,0
26.783164539157184,17.18732435480968,968.8742044244962,75.7277975521493,0
26.277445203500662,19.501732996955106,990.1045418152196,90.83922876681183,0
26.403112005509705,48.855803761665584,985.8760406725567,76.56146838993782,0
26.072887302606198,17.23907810837959,996.5082399644449,87.85909797782467,0
26.377771843023712,44.17540373478317,988.0871054668074,77.93905080776072,0
28.732027093665426,29.69111425792139,973.6462092564582,89.85906834381606,0
26.284754593840916,19.889242976127083,987.0131642316937,94.44819185621617,0
27.275902521175045,44.829996050900455,965.145964584048,93.3407572943396,0
29.37950124387782,27.81221020010662,966.8472424328017,92.82553992792344,0
26.093087742943304,30.59269415718761,993.3941837956436,75.63167217076756,1
29.257873930355743,24.369334775990627,974.553073402087,72.65154840953556,0
27.1274190990936,33.7180340573971,993.9109187285094,90.96846485462157,0
26.472659310486627,16.54095490340091,995.2332305517554,81.05041641383053,0
28.786948661456602,25.643261466070427,997.1659285713706,82.97038679210041,0
28.515771387119536,48.7764928934115,1000.4149379712665,70.93447278380174,0
29.509888054108213,20.3253373080451,973.7041871282313,77.78729347825147,0
28.94028417521554,36.269466581651685,967.5376750076626,71.01029211623393,1
29.213923721539395,23.007602568987796,982.0209310626763,96.37557317803743,0
27.128138290285225,40.93892502746402,970.4144832890695,77.30190049655592,1
26.709758175118893,15.234946428733993,983.0590791740128,86.72011508719024,0
29.002459006563434,48.79284180314179,988.8072224454104,71.16937961983392,0
29.227338957069055,28.15158165534557,987.8622760170675,90.00542173916975,0
29.962020568002693,19.44201853385856,970.6004087861066,79.69082037262282,0
27.650470707645706,12.939869893200505,959.1773110934314,96.93757560872997,0
27.488072343171133,16.79031620350163,973.6791136154214,96.64354566802108,0
29.105651842967987,30.790957942240706,957.842677924505,79.75871855085244,0
27.36321416101207,23.48012705725145,998.9553369351095,97.02882687071404,1
29.723029302414258,43.15533463530438,969.0232603405822,99.88473020496336,1
29.43365100737205,27.235500946472236,958.4952860972828,94.76246992371844,0
27.715976109500073,19.948570903505196,951.3996267948163,95.34614043265687,0
29.003484271165988,34.68579946416121,985.5202312457566,77.4702620832727,0
29.01817149633873,38.27108867541783,985.0296274600108,87.30107196573269,0
26.412495475343732,16.681676316037994,968.733229161971,72.01767741902104,0
29.610211626718268,16.704768651532707,953.9441538866208,72.84753810465008,0
28.021009489791428,11.466857077341718,972.5295892192378,99.96677836099872,0
29.305829864430965,39.45608060262562,967.1169622284866,79.79917748277732,0
27.280198404122448,36.552181104872204,987.2416351854255,92.44551736146539,1
29.582092913984802,28.985235029992555,983.3178587198979,94.19995159080449,0
27.556806714936652,43.76681795876789,970.0526550508647,95.74069813021688,1
26.043350605921194,42.22680611800213,961.9840904840245,99.9288489220647,0
29.621527905677056,33.414174575870085,1004.3419781385576,77.24489455770603,0
26.365146707144532,44.73085122053035,974.9700891657864,71.210524805791,0
27.27725455036166,18.23364840147073,987.8550829679131,82.33574553983757,0
29.80024786820322,14.476784775909115,957.7304132168099,73.9024200948684,0
29.802428587750224,20.789984460679584,976.7074334812669,70.67277667486165,0
28.293751552493145,12.283474243572595,951.5145195928206,80.81280481424459,0
28.527348848679196,31.24678112004128,977.8000314850748,93.51214753225709,0
27.79378208791328,47.464227691798456,1003.0209573914736,86.98542073675213,0
27.17284308679226,11.573741626740386,971.131369214219,79.38333967631063,0
27.314658181479665,14.884396560401072,952.1447806916201,89.63026016478159,0
28.690073824308154,28.087961131337412,951.7025685005639,76.96054540926433,0
29.00949811775072,47.3550007011162,971.3392717970778,70.43144338216256,0
29.166316174903393,22.64624419907002,958.8013715054757,92.93060159309282,0
29.158472571178216,30.289392347535696,951.2843652980503,88.71229254592028,1
26.36482441219476,11.662914362015684,991.5917487672597,92.86907873502881,0
27.977681218810325,15.933728038483554,975.218765488504,71.16814050062997,1
26.230235040066578,49.46520491835388,965.908462458496,95.11358883491957,0
28.19811552929494,48.60474785744182,999.5045750659065,88.5857860010891,0
27.766122005493507,10.197599237376384,956.3876428110289,86.9018605213792,0
29.550816731033198,48.07247141692956,1002.5755355925426,88.73842144343595,0
27.403660050208316,35.56479751262002,967.2681694557544,95.93299740605093,0
26.468268065710422,44.716731780800885,998.8622019769774,87.60809519676721,1
26.571966728211343,28.189594225354362,983.1618582063704,87.42851139664538,0
29.04604252686989,30.62384114317001,995.4689047857818,99.72037471197297,0
28.472872253265045,29.55386321027681,1004.1207239765755,92.70190501205704,0
26.40449070449116,36.67457030184417,965.862299080031,83.26881416353406,1
26.33642722445999,15.586050190252516,1002.8624516974176,91.22191000098783,0
28.80387652583648,11.198943594907117,971.4215042196331,81.67691415075366,0
26.291052025456775,22.317197663647637,971.2031547605308,76.86626387450497,0
29.287440237161427,38.18723050946587,968.7212907339978,87.90555630663277,1
28.824968908625983,18.074138084917934,979.7774184041172,97.84546294341854,1
26.3253951225676,36.93729733299669,958.4779773748168,97.87418560046387,0
26.33935085634077,48.79648184429082,980.4541316946907,80.2571583431647,1
29.9465583140047,13.756028631576736,979.7937646825502,85.83032398665085,1
27.497083183024483,36.90408472900505,991.9045996932679,76.34907695709583,0
27.482568588267565,27.750008772182845,995.8507479065672,99.8689332849665,0
29.25119826903001,44.72569017510021,974.2242742671833,99.43353723603806,0
29.788994309535436,17.085991577895435,966.6283287143322,89.48526789122342,1
29.944004255291482,37.70503808904658,964.2634193524402,94.1324217903242,0
29.01351274103577,43.52461158592441,960.704311018768,91.45300483851099,1
27.50503834212366,47.78456877896093,953.1706170209463,87.79474657118405,0
26.334002866794677,37.329921131585834,968.8346388359092,71.60043990966693,1
29.10858766370975,29.886990560337093,964.8636230671931,83.64293027657983,0
28.23361699894322,34.713889608048554,1003.1529562226524,90.24358906502232,0
27.696888036987904,44.756199379148725,980.6739854437524,90.32594841651054,1
29.625417540378944,32.82438986555319,969.100237146678,81.19367855267151,1
26.444789929224605,11.215482387873475,981.9257180546533,98.25075959974092,1
27.970500417163436,47.23794782027911,957.6558185740132,75.02071096710343,0
26.045414579069675,37.58107004126245,974.4224062061212,85.01078338646681,0
27.874642567976505,37.06053543108986,984.4428876781585,90.72651929652469,0
26.22521310272735,18.627006095908687,976.8893807485848,90.91407417675427,0
26.475271665072288,36.355418809306286,972.0978340359878,89.45916870306446,0
26.47010498710842,25.75457622616634,1004.6616613894834,78.2586464035558,0
28.596841208464255,36.04931908165968,998.417311918191,74.68619706059866,0
28.984179517061694,14.263721212319629,984.2873276987692,89.07820980480133,1
28.33347506038864,36.313812184121446,981.3157548650256,87.97906348418313,0
29.848690193898168,49.97654903082666,984.1363263903521,75.38068030867723,0
27.499482318094817,11.928481554422241,961.0721659302338,91.1541743671169,0
27.142848345127444,49.08696736885269,971.7325758795375,83.6551597520097,0
29.474396512757842,26.276318428914823,952.1702743089994,90.03281774809459,0
26.89438335407781,44.83013801349037,976.1550320617755,95.12101239310452,1
29.852890157762445,41.29541936233094,979.8663521176715,75.0918528573077,1
26.048617898759264,32.68065043946671,962.5262354856766,70.5743460399051,1
29.879515306830555,39.537968370053065,1003.0215865941033,93.3730775918736,1
26.172639647802306,45.14062245205392,1000.0200036015483,88.29092275457847,0
29.564572454792284,26.165612866041318,989.7178779500748,90.98918708866366,0
28.110804436345198,23.081326462529546,979.3362645820949,95.14464924965928,0
29.9718591844772,36.70373542254339,997.8483037806227,94.08432804473502,0
26.295186258941595,42.31383767765034,957.1858789102905,98.82760440786474,0
28.215417137605282,40.49140539106463,993.4780386851187,86.07805236556355,0
29.877210142476397,41.912545954345376,956.8651447681766,84.65486897979716,0
28.092391376680595,27.42333259251732,993.6815864402173,82.0566159967219,0
28.51759455254105,42.71336864700086,965.1672162538247,74.61073128532614,0
28.782994755938468,14.808362214824339,998.2399819560004,87.17821698646067,0
27.818164259071093,31.779563918433983,1001.9223151603969,78.31037572977937,0
28.510232320336254,10.230346419924864,958.1837783172814,97.63922536638927,0
28.3372572476924,22.98343319601081,975.4471582785966,87.49572412831293,0
29.604632041963956,24.658461394855916,1003.9543057989476,87.7852054152433,1
26.181785521365832,25.846907664370214,976.5874089785231,80.6477398263103,0
27.123852758368923,37.81868826759449,997.4951137383,71.55968055933123,0
29.801645936306237,25.54232405081383,982.3802337172226,70.95231296118966,1
29.561055135563667,27.947744904901228,970.6431449355781,82.70005432459592,0
27.822627011142853,19.5017652349731,965.7180955539228,72.53696134291714,0
28.48053039120615,24.930071665173603,961.1772700097348,88.20540866620418,0
27.10952473192453,19.090785090526058,991.8989005257733,96.42919016918972,0
26.752484638895044,12.927836950737746,971.2597278752665,96.48744449556166,1
27.854793619759928,34.13794373525512,978.1201504210413,89.77136230396697,1
27.41340891210421,36.728511942200655,977.077901400065,76.33695494418794,0
28.33462444740349,34.779613840384584,981.7503466078222,95.88990494076616,0
26.31093854785994,28.539761752022894,997.6067430093503,96.58280305939624,0
29.897579230664665,25.19143120716919,1003.9406638970886,75.89960754858876,0
29.944842977918412,44.53334598287301,972.41713147156,92.12278257312032,0
28.79264685607898,30.763271405448723,995.5135407158467,78.59558646781369,0
28.14438546537648,29.16727510518924,992.0490287060095,94.07920937058789,0
27.23811046514531,11.025682632257428,981.5440923300565,99.91713699710809,0
29.255180078827795,23.649913105046252,1002.5825928986563,70.90078015988179,0
28.738924690215516,25.20782475143428,961.0260983540621,96.92097597372796,0
26.650467757379566,25.95291123587602,956.0095315670292,88.67891600795974,0
29.64370873797537,33.206894769093296,996.9679081825482,99.20147857494463,1
29.290148971692677,31.34410186907514,974.1532399148562,83.95028552579282,0
29.799199653167697,34.316203711737785,996.5832869813884,95.42163791714121,0
28.90287803355344,40.59533046168513,999.1199612857479,71.87182205794832,1
28.45366078374316,42.51942954864374,953.4351676490489,80.05837150234888,0
27.672972145162475,38.724923049059775,998.5905619642333,72.0104961325363,0
29.730913933416055,48.22094783819739,974.6575480453182,99.26029400437211,0
29.464255558001632,10.729303307054465,978.0737868952327,94.5092172181551,0
26.180874680424758,17.831119427341843,984.4625881101266,95.57642263737911,0
26.10546789798901,10.302514999125684,1000.9510433701548,98.13895694301682,0
27.5058534675122,35.898988566184116,951.051385193637,72.55310458359357,0
29.24221332312733,45.92122195799948,976.22639075748,81.5679277754,1
29.949104517259777,19.73929186305197,987.8247123336808,72.13104667132006,0
26.601667564414115,47.081381791852266,989.7488826734026,76.32379304650085,0
28.37652286140854,12.410695611582433,988.0892837345409,76.88097331113018,1
27.523563426524085,47.37744107222057,957.3939321174468,84.07321633142736,0
29.879657591258415,24.064907489585377,966.4667573604424,78.05686502360928,1
29.368475692542834,14.05683313796866,969.7293538979358,73.02934320453284,0
29.353314818844552,29.434870367453026,994.2440464223728,75.02473267282323,1
27.87477263917988,20.271062708820317,965.3317929828004,74.41826690656274,0
27.65927800935066,21.394916078476914,961.5887730126962,99.19230393736895,1
27.093628287722826,22.29159859705146,1002.6596410470953,92.7787752075542,1
26.22550198660371,42.121035913306535,950.4874806812408,99.03284395808686,0
29.458889505020213,31.566451067010178,1004.8801470625089,83.19221459523726,0
29.25160403652031,22.452307966240145,987.2251714371567,78.3510544498797,0
29.99887069314452,34.41335133243673,995.5658114697014,93.9487959162756,0
29.986547348295623,38.64602696892774,966.2040667990407,79.7876175412344,0
28.22172682241051,20.90496002934135,950.7873402716883,78.98150121116045,0
29.075949660722042,26.54196406101406,990.5828235208842,76.97517976623493,0
29.77906291952971,14.875443733477901,995.8779528350371,73.89036934672706,0
29.398589562709645,17.245973981387213,990.7261872574436,77.69389183050298,0
26.98939240697279,37.24471415859931,957.8567658015461,80.65959245421664,0
27.802176541240375,17.257533907825078,991.4385357241333,90.21982624437192,0
26.51663766060598,31.006535346682405,992.2907530159202,71.87694526658355,0
29.81620410903489,38.36185046889731,986.2197283618531,76.31520818996029,0
28.424698537803522,14.275076923789754,992.1363763037573,94.27070920875029,0
26.91457122201385,32.692488785156144,996.5256791822753,74.40765770751312,0
28.686802737623427,20.262511348054552,983.7482262830603,80.27935439567565,0
28.472512961831583,48.517075009503195,954.8732592683324,95.9397676557442,0
27.43265087213136,29.341825868796988,976.8195295316966,74.64775933430327,1
26.454230368798516,42.23970199100633,954.2707134069383,72.48210506854569,0
28.686292782371197,32.00906168625047,972.4148667067836,84.53613985240032,0
28.081230803615174,11.736501314192767,972.3908569019095,79.07258533835609,0
29.08927356694256,35.326055023760894,953.6305414277133,86.90225093451562,1
28.08065400444797,48.05613368826628,969.1851293683213,94.11414671450426,1
29.40872600127416,34.06447280585325,956.1048954335223,74.1144546445823,0
28.20762735509794,42.767554377071605,994.4529365505073,87.42097253662855,0
28.243751886141546,45.36825853393631,1002.122841428046,85.16526281169592,1
29.50661441063338,19.1231908779573,953.9774061391867,74.32236358039599,0
27.61393146484959,18.481793596329066,1002.5313364010435,88.71995456586947,0
26.53606091380256,34.43923955403967,978.741712963521,78.20921253582316,0
26.115130705253357,26.441138792268188,966.476112287463,84.63502955632038,0
29.020549022694475,43.59445211466881,954.227414140189,72.46816972831186,1
28.48123820541386,46.000924935920445,977.5343347438729,83.78752171640869,1
28.816319072396894,24.136855172108724,993.6983549469912,79.19390404128461,1
26.851856646035642,19.47482235897928,988.8897562496684,94.67143633556063,0
26.545485902347078,41.221020609754476,952.7624306305186,71.70936180992105,1
26.058178662671526,20.992241421925442,954.0096009452346,82.5582182475499,0
27.402350235226386,42.90457274054714,972.158030544795,83.75294272394314,0
28.359670747418534,26.94953014595051,966.2409771726369,91.75018228897356,1
27.56897618039893,36.70199597165882,962.7811377680827,87.22862725270633,0
27.749899688094917,13.821412553386727,965.4552474399793,90.01637011582542,0
29.616634777974994,34.954372987062925,994.1915508813287,93.31147856955269,0
27.3930218680932,28.070707149489166,1001.107542949752,95.86608920974567,1
28.055957956639244,33.46433852701897,972.2806481990161,79.41626490167411,0
29.134612050964574,16.720568309794537,999.8361051172874,86.1406811609171,0
27.58617112928508,39.47494979776728,967.6822635686335,95.203242353176,0
28.488346800911494,44.51188310172914,976.2040342489086,99.68353392895169,1
29.44945483498698,18.669592003631024,962.43159487988,96.6855793313129,1
29.79808249463057,13.828582220806469,985.2261823196715,81.1440178787313,0
26.58829392371615,10.945543441853456,1003.8439613346145,75.85499551655951,0
29.70635050064598,35.67886001773064,983.1921202823859,84.68177612219766,0
27.968465172318155,34.28376144355123,969.6797746262451,92.24924355508126,1
27.032977553195835,31.8678965085628,985.629959529479,84.77707212259892,0
27.836543024953045,19.277883844639017,956.7606373155963,84.49542589941005,1
29.92013030114191,25.636239836220586,998.8762494145969,95.14691263245402,0
27.97047237597148,33.77905340744692,977.669617292891,80.84211337201559,1
27.315006441150032,29.870674354366777,974.7142358121803,95.79384024434937,1
28.533603417266903,49.51142080859549,982.2225633649435,82.20414402855171,0
26.960582475112773,15.457590102269325,984.3631124534171,79.84699317035017,1
26.303453312434655,37.80578216190375,953.9476693424582,83.61969733599096,0
26.515518887642596,26.172750724171685,987.5439471672871,92.87340876024605,0
26.51218335583109,27.12798459702459,963.3062424173542,73.78006083591983,0
26.607610774049178,38.70391062632705,989.2673947878625,75.89257647616053,1
26.55530869059764,37.69744605297478,995.2394136911308,98.54334476989276,0
28.56349897921286,49.65023974808753,994.2177179153887,75.26474882144072,0
26.72752033759658,15.13577157816501,980.3875532074339,87.03181953793164,0
27.38266913329545,14.164385975366653,978.6093440770914,87.37943399985814,0
29.58715363962405,38.97355268514964,957.8581778736676,84.68873386150734,0
27.89584656105149,33.13547668025636,992.6440382721725,89.34235745730456,0
28.670230954084108,20.966426662392234,964.9275159245693,76.89480177392855,1
26.68927948480652,13.176774759559464,977.3182482549871,86.57986803330245,0
26.769156075234683,13.426329983857222,965.6350751110134,81.1651976574069,0
26.163474465065917,45.76763498656473,957.3605599649832,89.85001778887568,0
26.67574025228866,17.674692988749715,984.6256733290455,74.23670630119449,0
27.114361356127834,22.93486248462083,952.9882619152597,87.12632250518429,1
26.708041937106987,19.06625608907952,991.175487876941,75.55811066149971,1
26.354810135028224,24.199852233277493,967.4672737393614,78.35929189345109,0
26.482543484402402,12.776953709843735,950.0074081152467,76.5612940097075,1
27.843115072130903,30.762391636330815,978.1121026580477,75.48513339606451,1
26.82533487362317,12.704502543688596,952.5768549690182,94.77132854682,1
27.457079444192303,42.014260312894464,965.1893256801495,78.57122702982672,0
28.013669083419426,19.34848327641732,988.8837068100644,97.81371345593348,1
28.761579314517462,31.600476584180424,953.4479291892026,99.09779576035572,0
26.157248559364398,45.20316350245833,996.1636170795801,87.13781409811293,0
29.19764159563617,36.03509476188776,950.2100957462221,74.2900336799718,0
28.51160155796363,31.318311462053412,963.5753128061046,81.23644730138744,0
26.327036127795488,22.973350124615024,990.7497230883639,93.93196790044642,0
29.49431449642711,23.320076522327916,967.3948582351119,81.02172186091211,0
29.683489602127253,36.7794782079276,955.6040813436307,72.61051654908366,0
26.244311839419456,49.7655744488467,969.8128655340236,86.70354732784564,1
27.107510592588817,36.47356759397515,964.8716307511489,95.35362554488104,1
29.224805119172245,32.311336694801,996.3491546188305,93.87779161430507,0
28.993038761534635,39.22602040956984,967.2341354671829,75.2536942039106,1
26.73808407742551,28.608224491348725,993.3912859476804,90.182938432374,1
26.83739729334684,12.405693704031409,999.0529679645904,76.6151279030694,1
27.481888411165528,32.491872635116394,973.8599580767092,76.54622603656517,0
27.938091940764085,48.305011380215205,1000.0468729119916,96.22215319915556,0
28.473019086121184,17.012117694306387,970.7524929679756,77.4900685822069,1
27.47565455827909,37.600195632826626,1003.024312906956,77.89742039554034,0
27.850138864532592,18.03734754636226,954.9109238489065,70.01960172283898,0
28.989883752535025,31.43310737892325,987.7860596576784,96.12007102376553,0
26.14673281156239,13.867057985868785,977.1597722251311,93.77784439627405,0
27.009747777376084,28.014837450327406,971.3206843000606,88.81986805272034,0
28.85339834353821,40.24653315580984,984.7991533311731,92.50797291816527,0
29.580827350748798,23.902860969559285,988.7121400398883,74.56145702273476,0
28.046709768462666,36.59646897948872,950.239979830767,83.74970783762726,1
28.128453941061263,41.81799843158917,959.1824198810959,80.53658162046342,1
26.428688045359102,47.087112779178106,989.2175327848876,72.8132957877105,0
27.78964946729382,19.38568327421814,986.6511977468014,84.58391455644772,1
28.130469065820094,25.972636632372325,1003.1326127820772,97.62218951027906,0
26.969882014538918,16.096640533216696,991.8570784637931,71.20177357152083,0
27.076972923797523,49.699340086335006,1002.2924989252236,78.74382740481381,1
27.50913665241849,47.08003871697181,988.6397275844143,76.2262280861711,1
26.080284791110905,31.598285211222382,966.3928714751694,77.14439960997089,1
27.28831666233271,43.68133177505685,955.7950707237972,97.25303655638126,0
26.845792027986178,30.838319090881686,993.0003124839715,84.0420716270287,1
27.309989408711658,34.94342752011039,985.4282071811754,83.98898238819456,0
26.479048527277005,13.564977284640666,952.6502306816313,92.81726927365847,1
29.56210912295958,40.21081681987232,969.8027756245538,74.63476612014777,1
28.374369814216195,15.108539345409394,1002.6239898516358,84.61796062300152,0
28.71640927657796,43.04270521010113,977.522063014061,82.8995564236318,0
29.156684954429352,41.28112350681543,973.8001024810837,87.90732071639968,1
27.99376879571623,38.349787909719055,975.1734782837611,99.98673109751316,0
26.347681152349693,11.446415220990485,961.488549820284,93.08346682246142,0
28.14842616727419,22.125134237813143,970.2788943975637,81.93597109052281,1
28.347364472083516,20.524502796433715,970.3397290792947,94.8265915682214,0
28.98175789673732,24.405456298860763,952.879526110311,75.1212508993744,1
27.726638184918716,13.505709870553542,992.2162195684855,70.91391058926881,0
26.510321211182255,47.47831292124251,972.9077437547134,76.1334511739282,0
27.135103623194897,32.15208962849505,995.2198937749033,80.2123466834278,1
27.45232918559454,22.22097242632094,996.7691400615943,85.31742272378679,0
28.583668965326403,25.879260682971335,961.6596730084262,88.45387421623599,0
28.28311321867565,27.888101620193424,986.1544415193571,97.31817151643266,1
27.424386903591383,34.02377333442469,975.9754992289639,85.29562028651372,0
29.94606099517192,30.62717710785991,998.4086205856817,85.03826933877188,0
28.42309927742755,46.775678928576696,961.865737354705,71.50729029468947,0
26.94890716694398,29.87853931623321,987.2797260170524,71.04734657968672,1
26.407129890481613,49.6863205929325,983.4263667238997,86.53479885749115,1
26.611436556737328,44.05699830980383,966.2415812664508,83.14535839745034,1
26.983830913538032,18.340420574293432,957.5130497008145,95.17541184940896,0
26.642725493038224,47.22380858575665,985.8401868262503,74.82038754135536,1
26.746268096205224,14.654655915419044,990.6228601972782,70.74914986351149,0
27.14038067477539,42.697988339647665,967.3595039069843,83.47116303790378,0
26.69349438117902,25.2249317390632,985.4657932212273,77.12435670256772,0
29.5870616985057,45.11897281780278,971.7321999186327,71.48843120016512,1
26.32093498264657,44.72226760429801,989.226378580544,91.73794860542887,1
28.09804555828102,42.23701600470485,960.956840119173,73.34778999871742,0
27.641587307958645,41.601217452282455,998.9618251449896,88.24958500023315,0
29.929514467634426,22.18716556392163,965.8075278056069,78.43149250500667,1
26.44815560867221,13.236771322050087,970.2282293265885,75.20488151065067,0
27.591422396182967,26.119207150606456,953.1950573644192,81.39254568757953,1
29.877881733101475,16.940980599460346,956.1331716776702,94.0433732866886,0
29.462028503575922,37.79804355609847,978.3724046491781,81.76280730713718,0
29.26828828379712,23.843989061511422,964.7175972200384,92.52308947633168,0
27.03161130817976,49.02440803439659,995.9514124158206,73.76458890397453,0
26.683550349560264,35.63888309381328,950.8081363760225,93.18314258995238,1
28.674572879697724,42.899222545374435,970.8501726769565,77.10799974719946,0
29.717503956510342,15.300986909673938,968.5540050723001,90.32179389666618,1
28.227051572055718,44.4805792909049,951.0630197004681,86.9734466452299,0
28.2864507578796,46.910287620535776,956.840261945028,97.87434151635063,0
27.119916374641136,29.482476752757435,972.7503471205249,81.61967553925942,0
29.077971732767747,34.2501175100391,977.1075521446096,71.98495566503321,0
26.748174994230094,40.59239203611982,972.2359360990177,70.57466456653759,1
27.294716945616976,16.993545090416504,979.2015723126651,94.8057568291826,0
27.701745754465666,30.102643058537698,982.7322421198124,85.74206912984296,0
28.03044151473782,25.946521110892526,950.545810162031,93.25732155504848,0
26.96963892966032,15.854959686489964,975.5252337699427,77.03276800034544,0
26.459347298956814,24.70137689166126,1002.9924582488173,80.35251236539702,0
28.44248016976653,12.726892375419743,978.5467754071252,70.90311616633957,1
27.154522212961023,11.03247627797948,987.2648247102425,98.84476973722337,0
28.32495288569045,15.40665156619291,967.1525121854286,90.0360372010244,0
26.61745086109681,48.52460446356695,992.569525798402,97.99615263277919,0
27.92456040741927,31.98118143580068,992.5106815031863,77.96489222287217,1
28.13035773020634,48.6328864461288,978.6712826209776,88.34390833676983,0
26.20729414728971,27.29991513320528,1003.6807602803567,90.35499904877913,0
27.346417112775683,22.472645323410383,956.9052618119459,79.52649100772766,0
26.537658707755895,30.245674513609764,950.932121568927,95.44327705046891,0
26.25349988189107,27.580467545316406,992.3587016466403,98.41484388700744,0
29.959840929559782,14.226587370469757,994.3935545550686,96.54565353088013,0
27.28941537989889,35.63305258760825,956.6113976016317,92.17200927818118,1
29.23949778341854,18.641527300383984,964.6070558127234,78.32394039174862,0
27.018562619055054,34.78351819591318,950.9653799851646,78.44848126316896,1
28.72601088889572,36.00804369592613,966.1319735929311,98.90080961338114,0
29.040911439558748,16.080994125145924,992.5228030655269,70.30853487807076,0
28.382554962431378,12.453985084426726,978.4878290241918,91.48149919726433,0
27.886304754200633,41.230463442737594,969.1452576242558,91.18738487665786,0
27.647363656589075,28.392016950772806,970.4456612198481,88.68068622849393,1
27.39547306617198,12.32655182021903,950.0744494143507,99.70326538260598,0
29.718116576991303,49.794652686790684,966.489029016088,79.35638307291175,0
29.322477631150917,12.311222439854665,985.5552307900862,80.19915591379744,0
29.86010764266605,37.801409154342124,1003.5806944098996,72.36818208839667,1
26.49718889394218,49.34715701053654,996.5883454841145,83.28394409631213,0
28.923469900814577,19.567204168637026,951.2977230555041,77.83145578704544,1
29.753361827284152,15.689974747487847,999.4208332571162,80.30160106532932,0
26.72493226466264,14.855397576897156,993.0759127314244,95.03715370766884,0
26.26598506946711,22.131005902703823,992.920686796404,98.06453540582487,0
28.964482597160234,14.041832440425868,975.1897667451964,75.57199216015557,0
28.297892452719648,37.68645366776528,971.8902911124976,81.17526794660398,0
29.36731510703309,12.491671925202507,966.6603650858256,97.85891686346181,0
26.55908950650516,30.37688512599159,953.6132172424901,71.85425382067667,1
29.18106924743956,49.86787415411907,962.5529449921535,72.77081584334135,1
26.80650928019098,42.558810780240755,963.5631999237913,74.88372967618687,1
26.654623771462816,34.608777529240434,976.6242388340611,87.85638502380624,0
26.65706319172397,22.250144831464468,991.1094423628182,74.51416813017993,0
29.25829888092553,34.95583345166554,976.059540561887,99.042291443522,0
28.6607888827848,31.081658556466067,953.1814447195939,83.40143581775561,1
28.092261699076477,27.043335355614857,1002.6784390543512,85.045538810505,1
27.43532193649401,15.22841506960798,1001.8498375501762,77.3997584741622,0
29.508802163252433,45.46416860961867,993.1854248731624,84.12880757304201,0
27.569780429690542,27.9913859528529,1004.5230345860322,89.85740897911035,0
29.26639775788631,17.784900472830603,979.9465283040145,92.53531410862128,0
27.756539634280873,24.710374035091583,1002.9522592639263,92.6160424812974,0
27.507777717699632,26.565190101157082,954.1582772339212,87.33673338082265,0
27.850719142678425,43.10151582267497,970.1124411543755,97.13079324981572,1
27.20551149665657,39.344575222456086,962.3959697403722,94.52223541918329,0
28.990437520705004,40.77219574565359,960.7708196273849,92.71144344095876,0
28.010881560369917,10.441250577145889,957.7441621890972,71.66816565041381,1
26.92885078058727,26.64615992719046,984.2327502861298,70.20633886658948,0
29.598298293098274,29.253766065412947,992.9727020661018,76.37341831586419,0
27.535564885492846,10.767691072922268,981.8064119681198,89.90570781740357,0
28.174211444455956,20.392528349801367,958.0829490273516,82.33592466647637,0
29.625888443858187,40.4115929248854,994.6118073463409,82.07218777897936,0
28.49695198365597,15.484388229159961,984.977508894005,96.5376066468884,1
26.467592162833455,31.412405258103668,971.3491138369848,96.86688544395517,0
29.7593284944539,18.6080748806895,987.0771662544835,97.27525792160758,0
28.51083221228567,10.484830985755732,964.2947738583558,79.41634229545082,0
27.339622458628345,19.64805830398166,968.9855714671816,90.73167438217786,0
26.55708829065355,49.03495019640215,1000.4617213722595,78.14899543823108,1
29.176100757081183,42.06148447531958,965.9777478119281,75.7182949922335,1
28.480291023714052,48.383065772841334,975.8493547486866,75.53897372042107,0
28.133844367905287,29.5141617570545,998.9577625567808,80.26322862590783,1
29.57557033220383,14.389447947100141,988.924674264714,82.89872859339465,0
29.154388844898122,31.91837955894772,953.4211774390586,94.92847513165205,1
26.606699518931006,28.175093382398437,958.1016674353434,73.59673280418136,0
27.246888271182193,43.77428330958464,950.4312874924555,92.04777542184682,1
26.993956559257864,13.923303231369783,984.700698462604,85.94364742567916,1
28.975785170290706,29.529645480871128,974.622038397573,78.63836028027977,0
26.134129738943116,16.00194658775937,957.3851167996252,84.78458753598474,0
28.279558739485267,22.987037075602398,1002.6863766581224,78.99826209331067,1
29.049834742962762,39.49428309551199,979.1312848170091,87.88245865714919,1
29.507062547047,29.040725174750662,963.3041311762089,83.01531768565732,0
27.36832699486363,25.035531405830774,977.5331964135089,74.93216587236637,1
29.285029218688052,25.779051142801414,987.379118300431,73.49749223667091,0
26.44252694782083,28.377870736239466,954.1931569885461,86.40087046216391,0
29.385809166938074,41.400661753482275,965.108709827634,97.0723909985831,0
26.50995464932793,45.68338755760938,994.3831019986196,80.31873059673056,0
27.58914916224147,48.21338746015713,975.2815678721464,91.9900032166787,1
29.189181463118214,41.4761354502118,980.0617428117762,89.759840648193,0
26.599669709395094,22.61627582992051,973.8048801215208,97.94664742928443,1
26.917005580930567,37.525388243461684,952.4144968453653,94.62943051897423,0
28.889010273572264,27.504124962215677,959.1162378901086,86.99815776716389,0
28.8801461461843,20.186824881842046,974.504790130804,89.71091494702321,0
28.56459053154119,43.634863177036905,961.505200597436,96.95159399752104,0
28.7757937778684,11.537053958493,952.7488465762823,81.98556353760804,0
28.170897773390386,46.07047968541694,996.4007315228503,79.80384117573333,0
27.00719623562781,28.459098584989366,1003.9655891040263,70.32433250905589,0
27.382783974015677,35.48805907233122,993.6228580698207,94.79653222574393,0
26.7263908672057,36.37415688823131,996.9581706937566,94.02942101210095,0
29.633802245334515,45.804709628261456,963.3087421674375,73.13363554300454,0
28.33356717906448,35.466787286688295,1002.834483653226,87.305721433981,1
27.60340566705456,34.55734339040247,960.8309137449386,83.91945094500662,1
27.848023214576532,12.666081622427598,1002.3286395699008,73.56127286527334,0
29.789133358447263,30.73632087780816,1004.7150611681272,99.4170468118217,0
26.61340561246432,16.006760032681665,989.1447543160327,76.44087662390066,0
28.34491932806719,39.497350748859425,1003.9629052485502,72.01702540271684,1
28.023554715537863,30.48887683250698,981.3246878761908,87.84542138505728,0
28.44581694173859,37.20911116833413,964.274798074685,92.16600031399098,0
26.07244073528336,11.666916024095372,974.0347737116092,70.9733033814156,0
29.488495635776605,13.391680641832128,982.6458514458333,89.76152916181067,0
29.72847312993445,38.65293552250729,954.0194859114858,85.96875627854364,0
28.260532734356836,12.883373439946935,984.2288795539486,73.09795026625146,1
28.786603295507568,12.850269110610345,1003.9647810219262,75.17571630839086,0
29.689997524709185,10.484339009395498,960.455920738105,87.03922891948241,0
28.828954537253594,48.2600559319792,993.592731395861,78.89072840539865,0
26.610156171657046,39.50033437836028,999.934433657879,98.14947185953949,0
28.305153440667254,24.130056340082568,1001.9035876051122,94.56220688452152,1
28.426860185531424,21.86142325150621,1002.8074582422996,99.50701619540989,0
27.696522685209544,23.988129189833984,978.6802801296809,77.79012516851242,1
28.94577694249889,40.986141247247275,1003.7519349395327,99.09170898393931,0
29.737468059076058,36.45482444281657,991.6520613923941,82.93701609374673,0
29.702274051627107,17.407822714698717,958.8919289930329,80.42556385941263,1
27.80335748561653,16.964373413363376,976.2295058557384,71.51048580908059,0
26.45295218336302,13.935825988535893,989.5082146454603,71.58295773578809,1
29.93936479584934,36.41210878805353,963.6037173700496,90.76033767839964,0
29.355592345783737,40.57490648886944,985.2338350951889,83.73786983302084,1
26.498650724813068,20.60185713300016,986.663026347564,76.79564878108317,0
29.68336753046949,10.837798441236512,958.9484859094712,88.41910918975698,0
29.479585448248514,13.286866699057093,981.0796921849015,77.58574354750334,1
28.07535222850429,48.71440139380122,992.4394801038234,87.32895263033268,1
28.365101742979718,21.81779109909681,977.4392615494768,80.77626240948071,1
27.596010815480522,40.768925913525344,950.6656714226859,94.70656679835457,1
26.219046555288124,34.98654275417055,950.497115799361,94.62088482300338,1
27.340788966583602,25.277585586115837,969.6366139183507,84.32051194367205,0
29.211413794392044,18.227490487822205,1000.940673763748,80.52457328005048,0
26.01852809201841,14.855456726376257,962.5772228781984,80.87679389677284,0
27.33399668676458,34.600518721554664,984.8900028879428,94.17143577004654,0
27.592674774363772,40.98535122551152,962.2141728881327,79.84538448392836,0
28.14958241175169,35.75617014164523,967.6918494312752,76.27178121120538,0
29.679422465651044,31.21208532996633,996.6423149280816,72.5406502562592,0
27.385383977463846,11.678048937265451,990.0873793248471,84.00079362653226,0
27.38781280758491,48.739551103775355,955.2469602522266,84.46396296759525,0
28.950004992438995,41.94856766618298,973.5786111542538,95.22726131208722,0
27.808871763559228,21.71288146803859,951.6043370004895,76.63716089338192,0
26.89841929175993,49.19881317435403,976.4489580631655,81.429738210052,1
27.809758064530772,34.07526358545289,986.4338706435587,94.25217216681072,1
26.5634280815192,33.29690632828986,956.5176442978983,94.7087083224692,0
26.705547946024893,39.922927177181286,965.8886716400041,81.53833227936305,0
27.993471090957918,42.4707915236055,971.8810144026186,83.77372069860043,0
27.675701798018192,36.25914429326011,1000.5742063560828,79.0985767254785,0
29.6593836042724,15.123829854648001,1004.629025848263,97.97664635257937,0
27.44957559646653,23.530700239779936,952.4701214447589,73.55931297224741,0
28.322353401112174,47.12334561304199,991.8554357922466,98.0124826900441,0
28.52905715167812,18.984624473754078,970.4448236521289,90.5159935550603,0
26.052377826353336,24.886680953500534,971.5852002426215,85.94716458060194,1
28.654149488066842,27.28307531776784,991.4845735340863,70.97977182353488,1
26.712143867479007,27.57619958777809,1000.5134537679975,84.26788575466026,0
29.844281269877822,34.51758329978102,1002.3010726976402,82.23244315008196,0
26.59465091101245,47.7230335097883,981.7417422321076,74.83656435925367,0
27.658496494908096,19.6277084733002,969.6416637615276,89.69228810501971,0
26.341398672314575,14.860055052036723,993.3151997222328,99.13452722104857,1
29.98749700738379,17.898819594397494,963.8050760794265,86.86566433193576,0
28.00878004132497,45.47699600837078,981.0240715858434,91.44259829331838,1
28.381540069280174,35.83243250620824,969.721815383868,72.0535135769805,0
26.26830590955371,21.436271569566404,986.1147090539332,82.53000987450984,1
28.999841881596712,42.63787755874469,963.2219402091429,73.49075455493488,0
26.839622372382344,44.45479985453744,960.5376120154154,88.38387506609531,1
29.592217157762853,43.860573547611125,1000.503149767149,98.15446474642464,0
26.820558561928028,46.75706134558218,955.5992025622245,89.85333197414916,0
26.762750882654665,20.08964080693446,977.8276849254213,72.30409144943265,0
26.14619867139238,40.201677149851136,962.1469030629655,80.63998614955248,0
27.888267780439996,28.4215798909656,952.1411479829117,86.51990138322554,1
28.259364533050466,43.67994211560246,951.9810350060285,82.09623268399757,1
26.26283455771341,39.13962708646453,959.6371974658205,95.00932031425518,1
29.102110466780044,41.057897859988984,997.67236949783,94.44013014129968,0
27.81315533899211,36.24647350724286,965.5363309187364,88.35493060309665,1
28.09756107731032,17.097150778788276,1002.2752543816413,81.20373835398115,0
27.763050987752912,31.80107675587753,981.9892261144056,77.66009121289733,0
27.603052243501303,49.38678958098033,974.0137804372821,73.17622954639388,0
28.238561325232872,47.495522659884756,981.90488590682,80.64693050459663,0
26.62096098372285,11.726949431880467,978.4184111874447,82.39517551623159,0
26.727712521981083,16.592592629177485,991.7326939566528,90.27468775312221,0
29.44714248405407,15.269150938182477,965.5372836285069,89.7447947289272,0
29.78446184853453,39.03919639941182,969.4177715380166,72.10324418923771,1
27.493237265119014,42.7114131942778,999.1751866393288,81.85777946293473,0
27.082978692574216,18.540454652426877,1002.0551082232723,75.45336601652086,0
28.575998172956062,30.23410771807316,999.0907025117561,74.70438115950417,0
27.634936684392386,43.628121120448,973.0696396676523,94.81906449211738,0
26.10154542264138,39.31206179065002,992.9201026653785,71.25745650148772,0
26.624610389464763,31.689488219673933,976.1984653315604,82.57548627706365,0
28.86388891538959,33.613907618350915,977.3646918680356,75.04610967299554,0
28.635695767640605,30.3344218766512,961.2574059981506,96.37990647035423,0
26.108383970013932,21.901938052752822,982.5121666792184,86.71121539825106,0
26.8878886477318,32.600879714360644,960.2374743764342,76.94141909130545,1
26.924299186352286,37.55541208200363,968.2360584486956,85.07281861499129,0
28.687570974394912,44.93291663443231,997.0266610890965,91.94459079109347,0
26.078842151017458,35.45165415916992,961.389169506597,98.74354026758301,1
26.416434327938294,40.44486148172632,953.9137056845389,76.61338012736257,0
29.199664341492756,16.402865398182918,953.7954175937049,96.58545316388035,0
26.714178648217334,28.462298976791594,1001.743148627671,98.02912342502471,1
28.6109844314075,10.373264793083731,977.8806240879009,97.49261633596198,0
26.952731124186904,19.86715458086492,972.517663949936,89.0624307058573,0
26.397765571037382,39.05846860452019,994.5983219554355,88.89461963304123,0
26.972688763997816,49.67239805397454,995.9704260350784,82.09631899551468,0
28.889067727422635,13.967123983488637,968.2705068213583,92.57193646911364,0
29.422785872425145,26.05977263445153,988.1489931610588,85.93882055052796,0
29.320879458267967,42.00283874796638,992.4117548718538,90.32314213684883,0
27.58873411847382,18.161425385155955,986.0057877776275,82.85373711546386,0
28.672340546282584,32.20339797209145,958.3377291140055,91.94489392129417,0
26.819937181663285,39.32285184118699,998.1735695934382,94.73414552813648,0
27.172590921044055,34.63941801040716,979.6502004004805,74.39308769808449,0
29.58534327408448,17.520989384616644,965.5359834503502,94.98789146722685,0
26.052007694042945,24.215382747429576,973.3875501990732,86.20889595370922,0
26.34203412341787,41.35167137941589,952.06640997194,95.33997727270673,1
26.83154502058411,32.16906056528067,957.032674067233,82.93905119023044,0
26.10612881549528,10.20918454171651,992.1050712783724,81.37121456149106,0
26.72574174035919,40.43963040112375,950.0006399115451,97.45182197551668,0
28.332166243878767,11.412454197609563,972.911120566526,77.53507802645204,0
27.68569820236999,39.82935130924929,978.7380599597074,95.32636975858429,1
29.5706868443079,18.099222406609496,953.0048931000534,84.52061717528213,0
29.269774246953762,48.32293920477521,1003.5192989634783,85.4228632765378,1
27.367269406791504,24.71763005208338,962.4368932187319,79.25404844468451,0
27.03769373372517,23.077264653523166,966.7309295799954,87.19126601857047,1
27.518769632669066,15.955522013297788,966.7168381740265,79.75633588828634,0
28.36117977005923,22.224168619608594,962.6729164164542,71.17808242724956,1
27.072254563291505,45.06603047312802,950.0810602147471,78.15995816033069,0
28.496595631396538,49.85337350508989,990.1139636748399,70.19137130219772,0
27.63764660876496,24.732381220273933,1003.1765024889608,99.35064361170569,0
28.208188723407922,27.9444252381817,962.3361415806775,98.97241629459242,0
27.744506116541267,38.882837528109484,986.4675955491882,81.85465892416914,1
27.177863038167672,45.44783121860298,990.8042979827293,91.85112563018939,0
29.793813227848627,33.721773367471364,996.6633958499789,80.37418295231275,0
29.054423176639045,25.661027927113174,973.2446058357485,90.13279471257928,1
26.56045270306581,26.50487363394495,966.6611998102236,94.16290129137937,0
29.47387190359165,37.824725859872274,967.8912323712667,98.40268734076722,1
27.949724792998055,10.128730544171148,989.1941733204183,82.00636827549016,1
29.578208907576364,34.78357349839363,994.92287065781,93.49893948868143,0
29.19942102378926,24.219720417654294,959.9887682266132,77.97785351896357,1
27.700854017876935,41.76789325108337,970.4017554486771,99.70996911380945,0
26.08987723328047,13.719625592925286,999.6067108212033,70.77308796293053,0
27.074709437539784,33.52809067793562,994.3681435832107,88.10586419503363,0
28.166536858643468,29.23891559544495,1004.1672121519362,89.78517944953981,0
28.533912879304587,35.693021036209096,991.4836542825144,90.64136671222386,1
27.031550741732808,12.594143779318735,971.6257360565357,73.61162736367267,1
26.557424296291295,33.19935149712525,982.485080869705,98.15589350419391,0
29.339720947197197,32.459383518380946,986.3557839836026,75.43549837150249,0
29.937608722814208,32.426403776646836,954.3150698974418,88.68260209719523,1
28.102760729210743,34.13950666385819,979.9473327507126,76.68028237369255,0
26.686717143393214,37.05871748905449,989.0126455659936,79.21649251063812,0
27.089229306077478,42.19955998723079,959.2026717200583,86.39375625184373,0
26.07356270618987,20.792828805128572,992.9347444584057,82.5158025569373,1
29.657195226241996,43.001976407202484,982.1075029282762,74.80676802929518,0
26.471004331560565,29.930227290538145,1002.3721982133677,75.12809207262545,1
28.306065902057014,13.082331165373247,952.3332264013791,82.544343644884,1
27.096220882748824,12.342037169759168,964.5929375655506,92.71848934826502,0
28.216712010063173,23.36953274784243,983.0854633614904,96.93893940543366,0
28.605681553407457,41.3958790844587,966.3107951713262,72.52382986778149,1
29.318967214828806,38.307237389636626,989.2933290239183,81.79311722678203,0
26.825685087042412,41.54459858689626,991.7452905387062,73.0073669116863,1
26.043983314633923,30.690762257664375,955.6383780236561,70.49777441897794,1
26.54754252027523,27.60795991821962,978.2619955313722,89.85156047931869,0
29.60007456739242,15.898101068251357,977.9889805575081,88.07348325899764,1
29.49556031025006,23.12771014437246,970.3104423618547,74.89057341444659,1
28.389652408681233,27.36077464695501,1001.310867441332,77.01438499279192,1
28.402067441734612,13.54401718718469,995.5128475930271,70.71123260933555,0
28.660146698185024,18.82447810844845,988.34651600503,95.04841617083211,0
26.7014851144938,33.92901176254955,989.2879649654249,99.24071788145655,0
29.65764778369984,39.42652456956759,975.3943879097216,74.06378610384073,0
27.675082099568293,49.93390045571799,1000.6546986603116,76.94425641295895,0
27.53255411299799,47.32453325374231,988.2027484989306,96.05228571840803,1
28.07567082113135,35.70260798140766,990.0939583910699,97.79391393868555,0
26.18786386710022,26.84992213176288,997.3929997083039,82.58882148420432,0
26.66513347502432,35.44709458832931,965.0739374138205,71.51867416807222,0
28.95213446570548,41.42606472320928,994.3888997126687,71.18175501078458,1
26.331194671700505,14.733447636935493,960.7382331626071,87.21849598207031,0
28.412608437865554,26.39619558785153,968.9938073734688,81.78685326679538,0
26.981396438725284,43.59209142542469,968.4585749848413,70.85957282732963,0
27.557182456167908,25.35331807732176,1003.8189007614027,87.4975717693767,1
27.1547749470828,32.874890849087464,997.1095473061359,70.33907609767067,0
27.422690865859796,33.51077443448793,988.5643423874643,93.6211587444782,0
28.87618362073698,17.379050125345575,989.9881218888464,79.19298468110115,1
27.1884868624927,24.489417666091533,980.9140036921414,71.20774009027696,1
28.265618561187587,23.380451549677286,1002.0899866909685,87.65056662949459,1
27.9042016087964,11.04786834128259,977.2942314085299,81.93053243299164,0
28.65468466145059,10.967670555654209,970.9284740428442,99.21401240071448,0
29.747318957299033,43.26788174703094,958.9669435312375,86.32595987511107,1
28.930288388841,20.922832398912497,993.2413108743582,78.25717543111026,0
26.859761514363026,30.72315064955262,990.3944162641575,91.28316593901924,1
26.124732540245137,21.949022943550922,971.1395271188275,78.14476007628134,0
27.0490561771993,47.62716980461362,951.3856377677577,97.12729874222696,0
28.380311722801018,20.37187035463095,996.1448530244905,81.2416591152213,0
26.205703253937003,27.186272509557405,950.627989089974,86.49605688328616,0
27.985464988804946,44.909210019384076,988.7034878795978,71.51719311472687,0
28.387371395667557,43.67734267167235,1003.3641410349331,82.78363713856692,0
27.336975563267842,17.444056713851094,974.0713730481511,94.97090618982985,1
29.083648814983288,42.10573239182842,962.9235372747773,94.16946416090026,0
26.426393012535087,28.327475469515704,988.767905552386,76.72955676560579,0
26.300551126943233,29.318754883414208,994.9420478108572,76.78237213031689,1
28.912755024814413,15.33919889663775,980.0536673842817,94.5191593663971,0
27.981965264824794,13.224060550284985,1003.186940139088,97.91195260507976,0
28.753609585710944,39.117572278950604,952.8417796911879,72.8608276381901,1
27.739309354414985,29.858446094211992,977.7637579067491,83.50175918278676,0
26.98560813295643,27.474028104607182,989.5149671027402,80.12362836892687,1
29.2764092706968,39.18032914609587,997.4452259132048,96.12065366372317,1
29.197663515875917,40.62051595964439,959.8590586549285,72.50574744040057,1
28.778785883417708,16.35632670677414,994.0001914970024,76.33377827674113,0
27.08858054891985,34.40900597910565,980.39888916452,92.57405012759483,0
28.36092266747635,15.414163291107421,971.8104525094479,71.53881546943647,0
27.443895587760107,40.05500344116183,957.2443265718501,84.77606142142868,0
26.366328293306537,36.278206250685585,997.5912667399901,83.2632110403916,1
29.669254301848973,48.26458484333832,958.6500264498843,80.03203536966245,0
26.547274523675846,12.758320654256847,967.0383322565004,81.83716945956772,0
29.80094941528321,12.282188846050172,965.952504257934,85.89821760790699,1
27.784023091831823,21.287482987728005,997.927771880497,74.8410207516515,0
